Strain name,Antibiotics,MIC,Unit
Acinetobacter baumannii A85,Colistin,0.1,mg/L
Acinetobacter baumannii A85,Colistin,1,mg/L
Acinetobacter baumannii A85,Colistin,2,mg/L
Acinetobacter baumannii AB307-0294,Ampicillin,0,mg/L
Acinetobacter baumannii AB307-0294,Ampicillin/sulbactam,mg/L,mg/L
Acinetobacter baumannii AB307-0294,piperacillin/tazobactam,0,mg/L
Acinetobacter baumannii AB307-0294,Cefazolin,64,mg/L
Acinetobacter baumannii AB307-0294,Ceftriaxone,16,mg/L
Acinetobacter baumannii AB307-0294,Cefepime,8,mg/L
Acinetobacter baumannii AB307-0294,Meropenem,0.25,mg/L
Acinetobacter baumannii AB307-0294,Imipenem,1,mg/L
Acinetobacter baumannii AB307-0294,Tigecycline,0.5,mg/L
Acinetobacter baumannii AB5075-UW,Ceftazidime,>128,mg/L
Acinetobacter baumannii AB5075-UW,Cefepime,>256,mg/L
Acinetobacter baumannii AB5075-UW,Ciprofloxacin,>32,mg/L
Acinetobacter baumannii DU202,colistin ,,mg/L
Acinetobacter baumannii DU202,trimethoprim/sulfamethoxazole,8/152,mg/L
Acinetobacter baumannii DU202,Ampicillin/sulbactam,>=0.3 mg/L,mg/L
Acinetobacter baumannii DU202,ticarcillin/clavulanic acid,>=128/2,mg/L
Acinetobacter baumannii DU202,piperacillin/tazobactam ,NA,mg/L
Acinetobacter baumannii DU202,trimethoprim/sulfamethoxazole,8/152,mg/L
Acinetobacter baumannii ORAB01,piperacillin/tazobactam,>64/4,mg/L
Acinetobacter baumannii strain MRSN7100,amoxicillin/clavulanic acid, 16/8,mg/L
Acinetobacter baumannii strain MRSN7168,amoxicillin/clavulanic acid, 16/8,mg/L
Acinetobacter baumannii strain MRSN7336,amoxicillin/clavulanic acid, 16/8,mg/L
Acinetobacter baumannii strain MRSN7834,amoxicillin/clavulanic acid, 16/8,mg/L
Acinetobacter baumannii strain FDA-CDC-AR_0305,polymyxin B,1,mg/L
Acinetobacter baumannii strain FDA-CDC-AR_0306,polymyxin B,1,mg/L
Acinetobacter baumannii strain FDA-CDC-AR_0307,polymyxin B,8,mg/L
Acinetobacter baumannii strain FDA-CDC-AR_0308,polymyxin B,4,mg/L
