Antibiotics,Susceptible,Resistant
Amikacin,≤ 16,≥ 64
Tobramycin,≤ 4,≥ 16
Gentamicin,≤ 4,≥ 16
Netilmicin,≤ 8,≥ 32
Imipenem,≤ 2,≥ 8
Meropenem,≤ 2,≥ 8
Doripenem,≤ 2,≥ 8
Ciprofloxacin,≤ 1,≥ 4
Levofloxacin,≤ 2,≥ 8
Piperacillin/ tazobactam,≤ 16/4,≥ 128/4
Ticarcillin/ clavulanic acid,≤ 16/2,≥ 128/2
Cefotaxime,≤ 8,≥ 64
Ceftriaxone,≤ 8,≥ 64
Ceftazidime,≤ 8,≥ 32
Cefepime,≤ 8,≥ 32
Trimethoprim/ sulfamethoxazole,≤ 2/38,≥ 4/76
Ampicillin/ sulbactam,≤ 8/4,≥ 32/16
Colistin,≤ 2,≥ 4
Polymyxin B,≤ 2,≥ 4
Tetracycline,≤ 4,≥ 16
Doxycycline,≤ 4,≥ 16
Minocycline,≤ 4,≥ 16
