<tool id="asist" name="ASIST" version="1.0.0">
  <description>Antimicrobial Susceptibility standards based phenotypes</description>
  <command interpreter="python">asist_dynamic.py $input $output</command>

<inputs>

  <param name="input" type="data" label="Input file in CSV format" help="Use CSV format."></param>
       
</inputs>
<!--
<configfiles>
  <configfile name="input">
   -->
<outputs>
  <data name="output" format="csv"/>
</outputs>

<help>

.. class:: infomark

**USAGE:** Please provide the input CSV file containing AST results as Suseptible(S) and Resistant(R) for the tested strains.

**Input file:** ::

	Strain name,,Amikacin,Tobramycin,Gentamycin,Imipenem,Meropenam,Doripenem,Ciprofloxacin,Levofloxacin,Piperacillin/tazobactam,Ticarcillin/clavulanic acid,Cefotaxime,Ceftriaxone,Ceftazidime,Cefepime,Trimethoprim/sulfamethoxazole,Ampicillin/sulbactam,Colistin,polymyxin B,Tetracycline,Doxicycline ,Minocycline
	,Resistance_phenotype,Aminoglycoside,Aminoglycoside,Aminoglycoside,Beta-lactams-Carbapenems,Beta-lactams-Carbapenems,Carbapenem ,Fluoroquinolone,Fluoroquinolone,Beta-lactam inhibitor,Beta-lactam inhibitor,Cephalosporin,Cephalosporin,Cephalosporin,Cephalosporin,Sulfonamides,Penicillins/beta-lactamase,Polymyxins,Polymyxins,Tetracycline,Tetracycline,Tetracycline
	Acinetobacter baumannii strain FDA-CDC-AR_0288,,Resistant,Resistant,Resistant,Resistant,Resistant,Resistant,Resistant,Resistant,Resistant,NA,Resistant,Resistant,Resistant,Resistant,Resistant,Resistant,Resistant,Resistant,Resistant,NA,Resistant
	Acinetobacter baumannii strain FDA-CDC-AR_0303,,Resistant,Resistant,Resistant,Resistant,Resistant,Resistant,Resistant,Resistant,Resistant,NA,Resistant,Resistant,Resistant,Resistant,Resistant,Resistant,Resistant,Resistant,Resistant,NA,NA
	Acinetobacter baumannii strain FDA-CDC-AR_0304,,NA,Resistant,Resistant,Resistant,Resistant,Resistant,Resistant,Resistant,Resistant,NA,Resistant,Resistant,Resistant,Resistant,Resistant,Resistant,Resistant,Resistant,Resistant,NA,Resistant
	Acinetobacter baumannii strain FDA-CDC-AR_0308,,Resistant,Resistant,Resistant,Resistant,Resistant,Resistant,Resistant,Resistant,Resistant,NA,Resistant,Resistant,Resistant,Resistant,Resistant,Resistant,Resistant,Resistant,Resistant,NA,Resistant
	Acinetobacter baumannii strain FDA-CDC-AR_0309,,Resistant,Resistant,Resistant,Resistant,Resistant,Resistant,Resistant,Resistant,Resistant,NA,Resistant,Resistant,Resistant,Resistant,Resistant,Resistant,Resistant,Resistant,Resistant,NA,Resistant

**Output file:** ::

	Strain name,,Amikacin,Tobramycin,Gentamycin,Imipenem,Meropenam,Doripenem,Ciprofloxacin,Levofloxacin,Piperacillin/tazobactam,Ticarcillin/clavulanic acid,Cefotaxime,Ceftriaxone,Ceftazidime,Cefepime,Trimethoprim/sulfamethoxazole,Ampicillin/sulbactam,Colistin,polymyxin B,Tetracycline,Doxicycline ,Minocycline
	,Resistance_phenotype,Aminoglycoside,Aminoglycoside,Aminoglycoside,Beta-lactams-Carbapenems,Beta-lactams-Carbapenems,Carbapenem ,Fluoroquinolone,Fluoroquinolone,Beta-lactam inhibitor,Beta-lactam inhibitor,Cephalosporin,Cephalosporin,Cephalosporin,Cephalosporin,Sulfonamides,Penicillins/beta-lactamase,Polymyxins,Polymyxins,Tetracycline,Tetracycline,Tetracycline
	Acinetobacter baumannii strain FDA-CDC-AR_0288,Possible TDR,Resistant,Resistant,Resistant,Resistant,Resistant,Resistant,Resistant,Resistant,Resistant,NA,Resistant,Resistant,Resistant,Resistant,Resistant,Resistant,Resistant,Resistant,Resistant,NA,Resistant
	Acinetobacter baumannii strain FDA-CDC-AR_0303,Possible TDR,Resistant,Resistant,Resistant,Resistant,Resistant,Resistant,Resistant,Resistant,Resistant,NA,Resistant,Resistant,Resistant,Resistant,Resistant,Resistant,Resistant,Resistant,Resistant,NA,NA
	Acinetobacter baumannii strain FDA-CDC-AR_0304,Possible TDR,NA,Resistant,Resistant,Resistant,Resistant,Resistant,Resistant,Resistant,Resistant,NA,Resistant,Resistant,Resistant,Resistant,Resistant,Resistant,Resistant,Resistant,Resistant,NA,Resistant
	Acinetobacter baumannii strain FDA-CDC-AR_0308,Possible TDR,Resistant,Resistant,Resistant,Resistant,Resistant,Resistant,Resistant,Resistant,Resistant,NA,Resistant,Resistant,Resistant,Resistant,Resistant,Resistant,Resistant,Resistant,Resistant,NA,Resistant
	Acinetobacter baumannii strain FDA-CDC-AR_0309,Possible TDR,Resistant,Resistant,Resistant,Resistant,Resistant,Resistant,Resistant,Resistant,Resistant,NA,Resistant,Resistant,Resistant,Resistant,Resistant,Resistant,Resistant,Resistant,Resistant,NA,Resistant

</help>

</tool>
